{
  "images" : [
    {
      "idiom" : "iphone",
      "scale" : "2x",
      "size" : "20x20"
    },
    {
      "idiom" : "iphone",
      "scale" : "3x",
      "size" : "20x20"
    },
    {
      "filename" : "Icon-29.png",
      "idiom" : "iphone",
      "scale" : "1x",
      "size" : "29x29"
    },
    {
      "idiom" : "iphone",
      "scale" : "2x",
      "size" : "29x29"
    },
    {
      "idiom" : "iphone",
      "scale" : "3x",
      "size" : "29x29"
    },
    {
      "idiom" : "iphone",
      "scale" : "2x",
      "size" : "40x40"
    },
    {
      "idiom" : "iphone",
      "scale" : "3x",
      "size" : "40x40"
    },
    {
      "filename" : "Icon-57.png",
      "idiom" : "iphone",
      "scale" : "1x",
      "size" : "57x57"
    },
    {
      "idiom" : "iphone",
      "scale" : "2x",
      "size" : "57x57"
    },
    {
      "idiom" : "iphone",
      "scale" : "2x",
      "size" : "60x60"
    },
    {
      "idiom" : "iphone",
      "scale" : "3x",
      "size" : "60x60"
    },
    {
      "idiom" : "ipad",
      "scale" : "1x",
      "size" : "20x20"
    },
    {
      "idiom" : "ipad",
      "scale" : "2x",
      "size" : "20x20"
    },
    {
      "idiom" : "ipad",
      "scale" : "1x",
      "size" : "29x29"
    },
    {
      "idiom" : "ipad",
      "scale" : "2x",
      "size" : "29x29"
    },
    {
      "idiom" : "ipad",
      "scale" : "1x",
      "size" : "40x40"
    },
    {
      "idiom" : "ipad",
      "scale" : "2x",
      "size" : "40x40"
    },
    {
      "idiom" : "ipad",
      "scale" : "1x",
      "size" : "76x76"
    },
    {
      "idiom" : "ipad",
      "scale" : "2x",
      "size" : "76x76"
    },
    {
      "idiom" : "ipad",
      "scale" : "2x",
      "size" : "83.5x83.5"
    },
    {
      "idiom" : "ios-marketing",
      "scale" : "1x",
      "size" : "1024x1024"
    },
    {
      "filename" : "Icon-16.png",
      "idiom" : "mac",
      "scale" : "1x",
      "size" : "16x16"
    },
    {
      "filename" : "Icon-32.png",
      "idiom" : "mac",
      "scale" : "1x",
      "size" : "32x32"
    },
    {
      "filename" : "Icon-128.png",
      "idiom" : "mac",
      "scale" : "1x",
      "size" : "128x128"
    },
    {
      "filename" : "Icon-256.png",
      "idiom" : "mac",
      "scale" : "1x",
      "size" : "256x256"
    },
    {
      "filename" : "Icon-Original.png",
      "idiom" : "universal",
      "scale" : "1x"
    },
    {
      "filename" : "Icon-20.png",
      "idiom" : "universal",
      "scale" : "1x",
      "size" : "20x20"
    },
    {
      "filename" : "Icon-24.png",
      "idiom" : "universal",
      "scale" : "1x",
      "size" : "24x24"
    },
    {
      "filename" : "Icon-27.5@2x.png",
      "idiom" : "universal",
      "scale" : "2x",
      "size" : "27.5x27.5"
    },
    {
      "filename" : "Icon-40.png",
      "idiom" : "universal",
      "scale" : "1x",
      "size" : "40x40"
    },
    {
      "filename" : "Icon-44.png",
      "idiom" : "universal",
      "scale" : "1x",
      "size" : "44x44"
    },
    {
      "filename" : "Icon-50.png",
      "idiom" : "universal",
      "scale" : "1x",
      "size" : "50x50"
    },
    {
      "filename" : "Icon-60.png",
      "idiom" : "universal",
      "scale" : "1x",
      "size" : "60x60"
    },
    {
      "filename" : "Icon-72.png",
      "idiom" : "universal",
      "scale" : "1x",
      "size" : "72x72"
    },
    {
      "filename" : "Icon-76.png",
      "idiom" : "universal",
      "scale" : "1x",
      "size" : "76x76"
    },
    {
      "filename" : "Icon-83.5@2x.png",
      "idiom" : "universal",
      "scale" : "2x",
      "size" : "83.5x83.5"
    },
    {
      "filename" : "Icon-86.png",
      "idiom" : "universal",
      "scale" : "1x",
      "size" : "86x86"
    },
    {
      "filename" : "Icon-98.png",
      "idiom" : "universal",
      "scale" : "1x",
      "size" : "98x98"
    },
    {
      "filename" : "Icon-108.png",
      "idiom" : "universal",
      "scale" : "1x",
      "size" : "108x108"
    },
    {
      "filename" : "Icon-1024.png",
      "idiom" : "universal",
      "scale" : "1x",
      "size" : "1024x1024"
    }
  ],
  "info" : {
    "author" : "xcode",
    "version" : 1
  }
}
